--------------------------------------------------------
--  Fichier créé - lundi-avril-26-2021   
--------------------------------------------------------
REM INSERTING into PROJET.AUTHOR
SET DEFINE OFF;
Insert into PROJET.AUTHOR (ID,NAME,FIRSTNAME,BIRTHDATE) values ('1','Commin','Vincent',to_date('02/06/00','DD/MM/RR'));
Insert into PROJET.AUTHOR (ID,NAME,FIRSTNAME,BIRTHDATE) values ('2','Louail','Alexis',to_date('28/08/99','DD/MM/RR'));
Insert into PROJET.AUTHOR (ID,NAME,FIRSTNAME,BIRTHDATE) values ('3','Leenart','Louis',to_date('19/03/00','DD/MM/RR'));
Insert into PROJET.AUTHOR (ID,NAME,FIRSTNAME,BIRTHDATE) values ('4','Tolkien','J.R.R',to_date('03/01/92','DD/MM/RR'));
Insert into PROJET.AUTHOR (ID,NAME,FIRSTNAME,BIRTHDATE) values ('5','Orwell','George',to_date('25/06/03','DD/MM/RR'));
Insert into PROJET.AUTHOR (ID,NAME,FIRSTNAME,BIRTHDATE) values ('6','Lindenmayer','Aristid',to_date('17/11/25','DD/MM/RR'));
Insert into PROJET.AUTHOR (ID,NAME,FIRSTNAME,BIRTHDATE) values ('7','Prusinkiewicz','Premyslaw',null);
REM INSERTING into PROJET.BOOK
SET DEFINE OFF;
Insert into PROJET.BOOK (DOCUMENTID,NBPAGES) values ('11','163');
Insert into PROJET.BOOK (DOCUMENTID,NBPAGES) values ('1','328');
Insert into PROJET.BOOK (DOCUMENTID,NBPAGES) values ('2','10');
Insert into PROJET.BOOK (DOCUMENTID,NBPAGES) values ('3','523');
Insert into PROJET.BOOK (DOCUMENTID,NBPAGES) values ('4','768');
Insert into PROJET.BOOK (DOCUMENTID,NBPAGES) values ('5','240');
REM INSERTING into PROJET.BORROWER
SET DEFINE OFF;
Insert into PROJET.BORROWER (ID,NAME,FIRSTNAME,ADRESS,PHONENUMBER,BORROWERTYPEID) values ('1','Garvey','Preston','Sanctuary Hills','0788888888','1');
Insert into PROJET.BORROWER (ID,NAME,FIRSTNAME,ADRESS,PHONENUMBER,BORROWERTYPEID) values ('2','Cave','Johnson','7 rue du Labo','0785488888','2');
Insert into PROJET.BORROWER (ID,NAME,FIRSTNAME,ADRESS,PHONENUMBER,BORROWERTYPEID) values ('3','Sombrage','Ulfric','9 place Vendaume','0788836788','3');
Insert into PROJET.BORROWER (ID,NAME,FIRSTNAME,ADRESS,PHONENUMBER,BORROWERTYPEID) values ('4','Stark','Tony','Stark tower New York','0648736788','1');
Insert into PROJET.BORROWER (ID,NAME,FIRSTNAME,ADRESS,PHONENUMBER,BORROWERTYPEID) values ('5','McFly','Marty','5 place 1955','0388836788','2');
Insert into PROJET.BORROWER (ID,NAME,FIRSTNAME,ADRESS,PHONENUMBER,BORROWERTYPEID) values ('6','Mathieson','Carry','Langley, USA','0785896788','3');
Insert into PROJET.BORROWER (ID,NAME,FIRSTNAME,ADRESS,PHONENUMBER,BORROWERTYPEID) values ('7','Bruitage','Jean-Michel','Dans sa Nissan primera','0748836788','1');
Insert into PROJET.BORROWER (ID,NAME,FIRSTNAME,ADRESS,PHONENUMBER,BORROWERTYPEID) values ('8','Lennon','Bob','28 rue du Pyrobarbare','0654836788','2');
Insert into PROJET.BORROWER (ID,NAME,FIRSTNAME,ADRESS,PHONENUMBER,BORROWERTYPEID) values ('9','Lennon','John','9 place Imaginaire','0788836788','3');
Insert into PROJET.BORROWER (ID,NAME,FIRSTNAME,ADRESS,PHONENUMBER,BORROWERTYPEID) values ('10','Auditore','Ezio','Florence','0458336788','1');
Insert into PROJET.BORROWER (ID,NAME,FIRSTNAME,ADRESS,PHONENUMBER,BORROWERTYPEID) values ('11','La chasseuse','Aela','Jorvaskr, Blancherive','0788836788','2');
Insert into PROJET.BORROWER (ID,NAME,FIRSTNAME,ADRESS,PHONENUMBER,BORROWERTYPEID) values ('12','Wick','John','USA ?','0788836788','3');
Insert into PROJET.BORROWER (ID,NAME,FIRSTNAME,ADRESS,PHONENUMBER,BORROWERTYPEID) values ('13','de Payns','Hugues','JERUSALEM','0784566788','1');
Insert into PROJET.BORROWER (ID,NAME,FIRSTNAME,ADRESS,PHONENUMBER,BORROWERTYPEID) values ('14','10','Ben','Dans son omnitrix','0788836788','2');
Insert into PROJET.BORROWER (ID,NAME,FIRSTNAME,ADRESS,PHONENUMBER,BORROWERTYPEID) values ('15','Vador','Dark','Etoile Noir','0788836788','3');
Insert into PROJET.BORROWER (ID,NAME,FIRSTNAME,ADRESS,PHONENUMBER,BORROWERTYPEID) values ('17','Dupont','Madame','quelque part','1565789841','1');
Insert into PROJET.BORROWER (ID,NAME,FIRSTNAME,ADRESS,PHONENUMBER,BORROWERTYPEID) values ('18','Le Fils','LUI','quelque part','1895465784','2');
Insert into PROJET.BORROWER (ID,NAME,FIRSTNAME,ADRESS,PHONENUMBER,BORROWERTYPEID) values ('16','Dupont','Monsieur','quelque part','4589624785','1');
REM INSERTING into PROJET.BORROWERTYPE
SET DEFINE OFF;
Insert into PROJET.BORROWERTYPE (ID,BORROWER,NBBORROWMAX) values ('1','Personnel','10');
Insert into PROJET.BORROWERTYPE (ID,BORROWER,NBBORROWMAX) values ('2','Professionnel','5');
Insert into PROJET.BORROWERTYPE (ID,BORROWER,NBBORROWMAX) values ('3','Public','3');
REM INSERTING into PROJET.BORROWERTYPE_DOCUMENTTYPE
SET DEFINE OFF;
Insert into PROJET.BORROWERTYPE_DOCUMENTTYPE (BORROWERTYPEID,DOCUMENTTYPEID,DURATIONBORROWMAX) values ('1','1','9');
Insert into PROJET.BORROWERTYPE_DOCUMENTTYPE (BORROWERTYPEID,DOCUMENTTYPEID,DURATIONBORROWMAX) values ('1','2','4');
Insert into PROJET.BORROWERTYPE_DOCUMENTTYPE (BORROWERTYPEID,DOCUMENTTYPEID,DURATIONBORROWMAX) values ('1','3','5');
Insert into PROJET.BORROWERTYPE_DOCUMENTTYPE (BORROWERTYPEID,DOCUMENTTYPEID,DURATIONBORROWMAX) values ('1','4','3');
Insert into PROJET.BORROWERTYPE_DOCUMENTTYPE (BORROWERTYPEID,DOCUMENTTYPEID,DURATIONBORROWMAX) values ('2','1','11');
Insert into PROJET.BORROWERTYPE_DOCUMENTTYPE (BORROWERTYPEID,DOCUMENTTYPEID,DURATIONBORROWMAX) values ('2','2','3');
Insert into PROJET.BORROWERTYPE_DOCUMENTTYPE (BORROWERTYPEID,DOCUMENTTYPEID,DURATIONBORROWMAX) values ('2','3','4');
Insert into PROJET.BORROWERTYPE_DOCUMENTTYPE (BORROWERTYPEID,DOCUMENTTYPEID,DURATIONBORROWMAX) values ('2','4','2');
Insert into PROJET.BORROWERTYPE_DOCUMENTTYPE (BORROWERTYPEID,DOCUMENTTYPEID,DURATIONBORROWMAX) values ('3','1','3');
Insert into PROJET.BORROWERTYPE_DOCUMENTTYPE (BORROWERTYPEID,DOCUMENTTYPEID,DURATIONBORROWMAX) values ('3','2','2');
Insert into PROJET.BORROWERTYPE_DOCUMENTTYPE (BORROWERTYPEID,DOCUMENTTYPEID,DURATIONBORROWMAX) values ('3','3','3');
Insert into PROJET.BORROWERTYPE_DOCUMENTTYPE (BORROWERTYPEID,DOCUMENTTYPEID,DURATIONBORROWMAX) values ('3','4','1');
REM INSERTING into PROJET.CD
SET DEFINE OFF;
Insert into PROJET.CD (DOCUMENTID,DURATION,NBSUBTITLES) values ('8','24','3');
REM INSERTING into PROJET.DOCUMENT
SET DEFINE OFF;
Insert into PROJET.DOCUMENT (ID,TITLE,MAINTHEME,QUANTITY,DEPARTMENT,EDITORID,DOCUMENTTYPEID) values ('1','1984','Science-Fiction','3','4','1','1');
Insert into PROJET.DOCUMENT (ID,TITLE,MAINTHEME,QUANTITY,DEPARTMENT,EDITORID,DOCUMENTTYPEID) values ('2','La génération procédurale','Informatique','4','1','2','1');
Insert into PROJET.DOCUMENT (ID,TITLE,MAINTHEME,QUANTITY,DEPARTMENT,EDITORID,DOCUMENTTYPEID) values ('3','Le Silmarillon','Fantaisie','1','2','1','1');
Insert into PROJET.DOCUMENT (ID,TITLE,MAINTHEME,QUANTITY,DEPARTMENT,EDITORID,DOCUMENTTYPEID) values ('4','Le Seigneur des Anneaux','Fantaisie','2','2','1','1');
Insert into PROJET.DOCUMENT (ID,TITLE,MAINTHEME,QUANTITY,DEPARTMENT,EDITORID,DOCUMENTTYPEID) values ('5','Algorithmic Beauty of Plants','Informatique','4','3','2','1');
Insert into PROJET.DOCUMENT (ID,TITLE,MAINTHEME,QUANTITY,DEPARTMENT,EDITORID,DOCUMENTTYPEID) values ('6','Toy Story 1','Dessin-Animé','0','5','2','2');
Insert into PROJET.DOCUMENT (ID,TITLE,MAINTHEME,QUANTITY,DEPARTMENT,EDITORID,DOCUMENTTYPEID) values ('7','Apocalypse 2nd Guerre  Mondial','Documentaire','2','5','2','2');
Insert into PROJET.DOCUMENT (ID,TITLE,MAINTHEME,QUANTITY,DEPARTMENT,EDITORID,DOCUMENTTYPEID) values ('8','Adibou The Movie','Educatif','4','6','2','3');
Insert into PROJET.DOCUMENT (ID,TITLE,MAINTHEME,QUANTITY,DEPARTMENT,EDITORID,DOCUMENTTYPEID) values ('9','The test project','Mathématiques','0','4','1','4');
Insert into PROJET.DOCUMENT (ID,TITLE,MAINTHEME,QUANTITY,DEPARTMENT,EDITORID,DOCUMENTTYPEID) values ('11','SQL pour les nuls','Informatique','2','3','1','1');
Insert into PROJET.DOCUMENT (ID,TITLE,MAINTHEME,QUANTITY,DEPARTMENT,EDITORID,DOCUMENTTYPEID) values ('10','L''info pour les nuls','Informatique','1','5','2','1');
REM INSERTING into PROJET.DOCUMENT_AUTHOR
SET DEFINE OFF;
Insert into PROJET.DOCUMENT_AUTHOR (DOCUMENTID,AUTHORID) values ('1','5');
Insert into PROJET.DOCUMENT_AUTHOR (DOCUMENTID,AUTHORID) values ('2','1');
Insert into PROJET.DOCUMENT_AUTHOR (DOCUMENTID,AUTHORID) values ('2','3');
Insert into PROJET.DOCUMENT_AUTHOR (DOCUMENTID,AUTHORID) values ('3','4');
Insert into PROJET.DOCUMENT_AUTHOR (DOCUMENTID,AUTHORID) values ('4','4');
Insert into PROJET.DOCUMENT_AUTHOR (DOCUMENTID,AUTHORID) values ('5','6');
Insert into PROJET.DOCUMENT_AUTHOR (DOCUMENTID,AUTHORID) values ('5','7');
Insert into PROJET.DOCUMENT_AUTHOR (DOCUMENTID,AUTHORID) values ('6','2');
Insert into PROJET.DOCUMENT_AUTHOR (DOCUMENTID,AUTHORID) values ('7','1');
Insert into PROJET.DOCUMENT_AUTHOR (DOCUMENTID,AUTHORID) values ('8','3');
Insert into PROJET.DOCUMENT_AUTHOR (DOCUMENTID,AUTHORID) values ('9','1');
Insert into PROJET.DOCUMENT_AUTHOR (DOCUMENTID,AUTHORID) values ('9','2');
Insert into PROJET.DOCUMENT_AUTHOR (DOCUMENTID,AUTHORID) values ('9','3');
Insert into PROJET.DOCUMENT_AUTHOR (DOCUMENTID,AUTHORID) values ('9','4');
Insert into PROJET.DOCUMENT_AUTHOR (DOCUMENTID,AUTHORID) values ('10','1');
REM INSERTING into PROJET.DOCUMENT_BORROWER
SET DEFINE OFF;
Insert into PROJET.DOCUMENT_BORROWER (DOCUMENTID,BORROWERID,DATESTART,DATERETURN) values ('5','16',to_date('15/11/18','DD/MM/RR'),to_date('15/11/19','DD/MM/RR'));
Insert into PROJET.DOCUMENT_BORROWER (DOCUMENTID,BORROWERID,DATESTART,DATERETURN) values ('7','16',to_date('14/11/18','DD/MM/RR'),null);
Insert into PROJET.DOCUMENT_BORROWER (DOCUMENTID,BORROWERID,DATESTART,DATERETURN) values ('2','16',to_date('16/11/19','DD/MM/RR'),null);
Insert into PROJET.DOCUMENT_BORROWER (DOCUMENTID,BORROWERID,DATESTART,DATERETURN) values ('8','5',to_date('16/04/20','DD/MM/RR'),to_date('17/04/20','DD/MM/RR'));
Insert into PROJET.DOCUMENT_BORROWER (DOCUMENTID,BORROWERID,DATESTART,DATERETURN) values ('6','2',to_date('22/04/19','DD/MM/RR'),to_date('22/04/20','DD/MM/RR'));
Insert into PROJET.DOCUMENT_BORROWER (DOCUMENTID,BORROWERID,DATESTART,DATERETURN) values ('3','1',to_date('18/02/15','DD/MM/RR'),null);
Insert into PROJET.DOCUMENT_BORROWER (DOCUMENTID,BORROWERID,DATESTART,DATERETURN) values ('9','6',to_date('03/07/19','DD/MM/RR'),null);
Insert into PROJET.DOCUMENT_BORROWER (DOCUMENTID,BORROWERID,DATESTART,DATERETURN) values ('7','7',to_date('02/02/22','DD/MM/RR'),null);
REM INSERTING into PROJET.DOCUMENT_KEYWORDS
SET DEFINE OFF;
Insert into PROJET.DOCUMENT_KEYWORDS (DOCUMENTID,KEYWORDID) values ('1','8');
Insert into PROJET.DOCUMENT_KEYWORDS (DOCUMENTID,KEYWORDID) values ('1','9');
Insert into PROJET.DOCUMENT_KEYWORDS (DOCUMENTID,KEYWORDID) values ('1','15');
Insert into PROJET.DOCUMENT_KEYWORDS (DOCUMENTID,KEYWORDID) values ('2','4');
Insert into PROJET.DOCUMENT_KEYWORDS (DOCUMENTID,KEYWORDID) values ('2','5');
Insert into PROJET.DOCUMENT_KEYWORDS (DOCUMENTID,KEYWORDID) values ('2','6');
Insert into PROJET.DOCUMENT_KEYWORDS (DOCUMENTID,KEYWORDID) values ('2','15');
Insert into PROJET.DOCUMENT_KEYWORDS (DOCUMENTID,KEYWORDID) values ('3','3');
Insert into PROJET.DOCUMENT_KEYWORDS (DOCUMENTID,KEYWORDID) values ('3','10');
Insert into PROJET.DOCUMENT_KEYWORDS (DOCUMENTID,KEYWORDID) values ('3','11');
Insert into PROJET.DOCUMENT_KEYWORDS (DOCUMENTID,KEYWORDID) values ('4','11');
Insert into PROJET.DOCUMENT_KEYWORDS (DOCUMENTID,KEYWORDID) values ('5','4');
Insert into PROJET.DOCUMENT_KEYWORDS (DOCUMENTID,KEYWORDID) values ('5','5');
Insert into PROJET.DOCUMENT_KEYWORDS (DOCUMENTID,KEYWORDID) values ('5','6');
Insert into PROJET.DOCUMENT_KEYWORDS (DOCUMENTID,KEYWORDID) values ('5','15');
Insert into PROJET.DOCUMENT_KEYWORDS (DOCUMENTID,KEYWORDID) values ('6','12');
Insert into PROJET.DOCUMENT_KEYWORDS (DOCUMENTID,KEYWORDID) values ('7','3');
Insert into PROJET.DOCUMENT_KEYWORDS (DOCUMENTID,KEYWORDID) values ('7','16');
Insert into PROJET.DOCUMENT_KEYWORDS (DOCUMENTID,KEYWORDID) values ('8','13');
Insert into PROJET.DOCUMENT_KEYWORDS (DOCUMENTID,KEYWORDID) values ('9','1');
Insert into PROJET.DOCUMENT_KEYWORDS (DOCUMENTID,KEYWORDID) values ('9','2');
Insert into PROJET.DOCUMENT_KEYWORDS (DOCUMENTID,KEYWORDID) values ('9','4');
Insert into PROJET.DOCUMENT_KEYWORDS (DOCUMENTID,KEYWORDID) values ('9','5');
Insert into PROJET.DOCUMENT_KEYWORDS (DOCUMENTID,KEYWORDID) values ('9','6');
Insert into PROJET.DOCUMENT_KEYWORDS (DOCUMENTID,KEYWORDID) values ('9','7');
Insert into PROJET.DOCUMENT_KEYWORDS (DOCUMENTID,KEYWORDID) values ('9','14');
Insert into PROJET.DOCUMENT_KEYWORDS (DOCUMENTID,KEYWORDID) values ('9','15');
Insert into PROJET.DOCUMENT_KEYWORDS (DOCUMENTID,KEYWORDID) values ('9','16');
Insert into PROJET.DOCUMENT_KEYWORDS (DOCUMENTID,KEYWORDID) values ('10','1');
Insert into PROJET.DOCUMENT_KEYWORDS (DOCUMENTID,KEYWORDID) values ('10','2');
Insert into PROJET.DOCUMENT_KEYWORDS (DOCUMENTID,KEYWORDID) values ('10','6');
Insert into PROJET.DOCUMENT_KEYWORDS (DOCUMENTID,KEYWORDID) values ('10','7');
Insert into PROJET.DOCUMENT_KEYWORDS (DOCUMENTID,KEYWORDID) values ('10','15');
Insert into PROJET.DOCUMENT_KEYWORDS (DOCUMENTID,KEYWORDID) values ('10','16');
Insert into PROJET.DOCUMENT_KEYWORDS (DOCUMENTID,KEYWORDID) values ('11','1');
Insert into PROJET.DOCUMENT_KEYWORDS (DOCUMENTID,KEYWORDID) values ('11','2');
Insert into PROJET.DOCUMENT_KEYWORDS (DOCUMENTID,KEYWORDID) values ('11','6');
Insert into PROJET.DOCUMENT_KEYWORDS (DOCUMENTID,KEYWORDID) values ('11','7');
Insert into PROJET.DOCUMENT_KEYWORDS (DOCUMENTID,KEYWORDID) values ('11','15');
Insert into PROJET.DOCUMENT_KEYWORDS (DOCUMENTID,KEYWORDID) values ('11','16');
REM INSERTING into PROJET.DOCUMENTTYPE
SET DEFINE OFF;
Insert into PROJET.DOCUMENTTYPE (ID,NAME) values ('1','Book');
Insert into PROJET.DOCUMENTTYPE (ID,NAME) values ('2','DVD');
Insert into PROJET.DOCUMENTTYPE (ID,NAME) values ('3','CD');
Insert into PROJET.DOCUMENTTYPE (ID,NAME) values ('4','Video');
REM INSERTING into PROJET.DVD
SET DEFINE OFF;
Insert into PROJET.DVD (DOCUMENTID,DURATION) values ('6','81');
Insert into PROJET.DVD (DOCUMENTID,DURATION) values ('7','90');
REM INSERTING into PROJET.EDITOR
SET DEFINE OFF;
Insert into PROJET.EDITOR (ID,"name",ADRESS,PHONENUMBER) values ('1','Eyrolles','4 rue qui existe','0637656565');
Insert into PROJET.EDITOR (ID,"name",ADRESS,PHONENUMBER) values ('2','Dunod','44 avenue des Sables Ombrages','0636999999');
REM INSERTING into PROJET.KEYWORDS
SET DEFINE OFF;
Insert into PROJET.KEYWORDS (ID,WORD) values ('1','sql');
Insert into PROJET.KEYWORDS (ID,WORD) values ('2','nuls');
Insert into PROJET.KEYWORDS (ID,WORD) values ('3','guerre');
Insert into PROJET.KEYWORDS (ID,WORD) values ('4','génération');
Insert into PROJET.KEYWORDS (ID,WORD) values ('5','procédurale');
Insert into PROJET.KEYWORDS (ID,WORD) values ('6','informatique');
Insert into PROJET.KEYWORDS (ID,WORD) values ('7','stockage');
Insert into PROJET.KEYWORDS (ID,WORD) values ('8','big');
Insert into PROJET.KEYWORDS (ID,WORD) values ('9','brother');
Insert into PROJET.KEYWORDS (ID,WORD) values ('10','arbres');
Insert into PROJET.KEYWORDS (ID,WORD) values ('11','anneau');
Insert into PROJET.KEYWORDS (ID,WORD) values ('12','jouets');
Insert into PROJET.KEYWORDS (ID,WORD) values ('13','gâteau');
Insert into PROJET.KEYWORDS (ID,WORD) values ('14','test');
Insert into PROJET.KEYWORDS (ID,WORD) values ('15','données');
Insert into PROJET.KEYWORDS (ID,WORD) values ('16','base');
REM INSERTING into PROJET.VIDEO
SET DEFINE OFF;
Insert into PROJET.VIDEO (DOCUMENTID,DURATION,RECORDINGFORMAT) values ('9','65','mp4');
